{"run_id": "c4dbc315880b4f29bf82f46daf7156eb", "loss": [35.99148941040039, 3.2165186405181885, 0.9090902805328369, 2.0347049236297607], "train_accuracy": 0.7366666666666667, "train_precision": 0.6550218340611353, "train_recall": 1.0, "train_f1_score": 0.7915567282321899, "val_accuracy": 0.575, "val_precision": 0.5423728813559322, "val_recall": 0.96, "val_f1_score": 0.6931407942238268}